"sample","ref_base","alt_base","reads","denominator","percent"
"emx1_base_editor","C","T","12877","1622833","0.7934889172206876"
"emx1_base_editor","T","C","684","923646","0.0740543454960017"
"emx1_base_editor","C","A","634","1622941","0.03906488282691731"
"emx1_base_editor","G","A","517","1797714","0.02875874582942559"
"emx1_base_editor","T","G","428","699075","0.06122375996852984"
"emx1_base_editor","A","G","388","1273389","0.03046987212862684"
"emx1_base_editor","A","C","354","1273306","0.02780164390963366"
"emx1_base_editor","C","G","334","998672","0.03344441418203374"
"emx1_base_editor","G","T","332","1698193","0.019550192469289417"
"emx1_base_editor","G","C","205","1223472","0.016755593916329917"
"emx1_base_editor","T","A","151","773999","0.019509069133164254"
"emx1_base_editor","A","T","150","1073578","0.013971970364519394"
