"sample","position","ref_base","substitution_reads","deletion_reads","insertion_reads","signal_reads","denominator","percent","expected_edit_reads","expected_edit_percent","A","C","G","T","N"
"emx1_base_editor","135","T","91","15","17","91","24974","0.3643789541122768","0","0","0","56","35","0","0"
"emx1_base_editor","136","C","6920","74","30","6920","24974","27.708817169856655","6708","26.85993433170497","71","0","141","6708","0"
"emx1_base_editor","137","C","5723","47","44","5723","24974","22.915832465764392","5650","22.62352846960839","26","0","47","5650","0"
"emx1_base_editor","138","G","23","58","4","23","24974","0.09209577961079522","0","0","12","5","0","6","0"
"emx1_base_editor","139","A","22","55","0","22","24974","0.08809161527989108","0","0","0","3","17","2","0"
"emx1_base_editor","140","G","13","45","1","13","24974","0.052054136301753824","0","0","4","4","0","5","0"
"emx1_base_editor","141","C","36","40","27","36","24974","0.14414991591254905","16","0.06406662929446624","15","0","5","16","0"
"emx1_base_editor","142","A","18","65","0","18","24974","0.07207495795627453","0","0","0","4","14","0","0"
"emx1_base_editor","143","G","8","39","6","8","24974","0.03203331464723312","0","0","6","1","0","1","0"
"emx1_base_editor","144","A","18","48","0","18","24974","0.07207495795627453","0","0","0","6","8","4","0"
